timestamp,strategy,applied,old_params,new_params,old_score,new_score,old_trades,new_trades
2026-10-04T03:24:59.872785+00:00,mean_reversion,True,"{""entry_std_dev"": {""QQQ"": 2.3, ""SPY"": 2.2}, ""lookback"": 20, ""trend_filter_period"": 100}","{""entry_std_dev"": {""QQQ"": 2.645, ""SPY"": 2.86}, ""lookback"": 26, ""trend_filter_period"": 100}",-460.4781,-179.5513,70,17
2026-10-04T04:58:31.888244+00:00,momentum_breakout,False,"{""lookback"": 30, ""trailing_stop_atr_multiple"": 1.8, ""volume_multiple"": 2.2}","{""lookback"": 30, ""trailing_stop_atr_multiple"": 1.8, ""volume_multiple"": 2.2}",-573.3101,-573.3101,261,261
2026-10-04T05:21:46.270908+00:00,trend_following,False,"{""fast_ema"": 50, ""slow_ema"": 200, ""trailing_stop_atr_multiple"": 3.0}","{""fast_ema"": 50, ""slow_ema"": 200, ""trailing_stop_atr_multiple"": 3.0}",-5.3416,-5.3416,46,46
2026-10-05T03:25:00.192161+00:00,mean_reversion,True,"{""entry_std_dev"": {""QQQ"": 2.645, ""SPY"": 2.86}, ""lookback"": 26, ""trend_filter_period"": 100}","{""entry_std_dev"": {""QQQ"": 2.645, ""SPY"": 3.5}, ""lookback"": 26, ""trend_filter_period"": 130}",-180.5977,-103.8638,17,22
2026-10-05T05:40:21.086429+00:00,momentum_breakout,False,"{""lookback"": 30, ""trailing_stop_atr_multiple"": 1.8, ""volume_multiple"": 2.2}","{""lookback"": 30, ""trailing_stop_atr_multiple"": 1.8, ""volume_multiple"": 2.2}",-618.3456,-618.3456,262,262
2026-10-05T06:02:34.005280+00:00,trend_following,False,"{""fast_ema"": 50, ""slow_ema"": 200, ""trailing_stop_atr_multiple"": 3.0}","{""fast_ema"": 50, ""slow_ema"": 200, ""trailing_stop_atr_multiple"": 3.0}",9.5412,9.5412,44,44
2026-10-06T03:22:25.589439+00:00,mean_reversion,False,"{""entry_std_dev"": {""QQQ"": 2.645, ""SPY"": 3.5}, ""lookback"": 26, ""trend_filter_period"": 130}","{""entry_std_dev"": {""QQQ"": 2.645, ""SPY"": 3.5}, ""lookback"": 26, ""trend_filter_period"": 130}",-102.6922,-102.6922,22,22
2026-10-06T03:26:06.473573+00:00,momentum_breakout,True,"{""lookback"": 30, ""trailing_stop_atr_multiple"": 1.8, ""volume_multiple"": 2.2}","{""lookback"": 34, ""trailing_stop_atr_multiple"": 1.53, ""volume_multiple"": 2.86}",141.8579,188.5648,34,29
2026-10-06T04:08:48.267242+00:00,trend_following,True,"{""fast_ema"": {""GLD"": 50, ""USO"": 50}, ""slow_ema"": {""GLD"": 200, ""USO"": 200}, ""trailing_stop_atr_multiple"": {""GLD"": 3.0, ""USO"": 3.0}}","{""fast_ema"": {""GLD"": 50, ""USO"": 58}, ""slow_ema"": {""GLD"": 200, ""USO"": 140}, ""trailing_stop_atr_multiple"": {""GLD"": 2.1, ""USO"": 3.0}}",-26.6714,65.9914,48,49
