symbol,strategy,side,qty,entry_time,entry_price,exit_time,exit_price,pnl,exit_reason
SPY,mean_reversion,long,978.112,2026-04-10 16:30:00+00:00,678.999330,2026-04-10 19:00:00+00:00,679.610025,597.33,price 679.95 reverted to/above mean 679.87; exit long
SPY,mean_reversion,long,1039.724,2026-04-20 12:00:00+00:00,707.213430,2026-04-20 13:45:00+00:00,709.345150,2216.40,price 709.70 reverted to/above mean 709.25; exit long
SPY,mean_reversion,long,1235.387,2026-04-27 15:00:00+00:00,713.266455,2026-04-27 16:00:00+00:00,713.573035,378.74,price 713.93 reverted to/above mean 713.68; exit long
SPY,mean_reversion,long,1134.071,2026-05-01 19:45:00+00:00,720.850245,2026-05-04 13:30:00+00:00,719.220281,-1848.50,hard stop hit: bar breached 719.5801
SPY,mean_reversion,long,988.491,2026-05-04 15:15:00+00:00,718.809225,2026-05-04 15:30:00+00:00,717.066049,-1723.11,hard stop hit: bar breached 717.4248
SPY,mean_reversion,long,941.971,2026-05-04 15:45:00+00:00,717.938790,2026-05-04 16:00:00+00:00,716.164160,-1671.65,hard stop hit: bar breached 716.5224
SPY,mean_reversion,long,1134.238,2026-05-07 16:00:00+00:00,733.066350,2026-05-07 16:15:00+00:00,731.470514,-1810.06,hard stop hit: bar breached 731.8364
SPY,mean_reversion,long,1003.444,2026-05-07 16:45:00+00:00,732.386010,2026-05-07 17:15:00+00:00,730.696377,-1695.45,hard stop hit: bar breached 731.0619
SPY,mean_reversion,long,920.727,2026-05-21 13:30:00+00:00,738.018825,2026-05-21 16:00:00+00:00,739.010310,912.89,price 739.38 reverted to/above mean 739.32; exit long
SPY,mean_reversion,long,1034.227,2026-05-22 19:15:00+00:00,745.952790,2026-05-26 12:15:00+00:00,750.644490,4852.28,price 751.02 reverted to/above mean 747.27; exit long
SPY,mean_reversion,long,1614.913,2026-06-03 12:30:00+00:00,758.308965,2026-06-03 13:30:00+00:00,756.930824,-2225.58,hard stop hit: bar breached 757.3095
SPY,mean_reversion,short,672.362,2026-06-09 13:30:00+00:00,744.977325,2026-06-09 13:45:00+00:00,747.180702,-1481.47,hard stop hit: bar breached 746.8073
SPY,mean_reversion,short,346.034,2026-06-11 17:15:00+00:00,732.098768,2026-06-11 17:30:00+00:00,735.621416,-1218.96,hard stop hit: bar breached 735.2538
SPY,mean_reversion,long,929.954,2026-06-16 14:15:00+00:00,753.556590,2026-06-16 15:45:00+00:00,751.779325,-1652.77,hard stop hit: bar breached 752.1554
SPY,mean_reversion,long,1057.235,2026-06-16 19:00:00+00:00,751.360492,2026-06-16 19:45:00+00:00,749.724338,-1729.80,hard stop hit: bar breached 750.0994
SPY,mean_reversion,long,1046.1,2026-06-17 13:45:00+00:00,750.264945,2026-06-17 14:15:00+00:00,751.314155,1097.58,price 751.69 reverted to/above mean 751.41; exit long
SPY,mean_reversion,short,527.568,2026-06-24 14:45:00+00:00,739.230200,2026-06-24 16:30:00+00:00,736.688160,1341.10,price 736.32 reverted to/below mean 736.68; exit short
SPY,mean_reversion,long,1072.783,2026-07-01 12:30:00+00:00,744.632130,2026-07-01 13:30:00+00:00,743.008925,-1741.35,hard stop hit: bar breached 743.3806
SPY,mean_reversion,long,1033.053,2026-07-01 19:45:00+00:00,746.037832,2026-07-02 12:30:00+00:00,748.995315,3055.24,price 749.37 reverted to/above mean 747.67; exit long
SPY,mean_reversion,long,955.843,2026-07-07 13:45:00+00:00,749.149387,2026-07-07 14:00:00+00:00,747.400396,-1671.76,hard stop hit: bar breached 747.7743
SPY,mean_reversion,long,1072.363,2026-07-13 12:00:00+00:00,752.055840,2026-07-13 14:15:00+00:00,750.428206,-1745.41,hard stop hit: bar breached 750.8036
SPY,mean_reversion,short,687.332,2026-07-24 12:30:00+00:00,740.289670,2026-07-24 13:45:00+00:00,737.993812,1578.02,price 737.62 reverted to/below mean 738.04; exit short
SPY,mean_reversion,short,537.261,2026-07-24 15:00:00+00:00,741.638995,2026-07-24 18:00:00+00:00,740.960295,364.64,price 740.59 reverted to/below mean 740.96; exit short
SPY,mean_reversion,long,926.482,2026-08-05 19:45:00+00:00,770.174895,2026-08-06 14:00:00+00:00,771.144235,898.08,price 771.53 reverted to/above mean 771.22; exit long
SPY,mean_reversion,long,846.516,2026-08-06 15:30:00+00:00,768.714165,2026-08-06 18:15:00+00:00,769.030292,267.61,price 769.41 reverted to/above mean 769.23; exit long
SPY,mean_reversion,long,1721.354,2026-08-17 13:45:00+00:00,775.577595,2026-08-17 16:45:00+00:00,774.248792,-2287.34,hard stop hit: bar breached 774.6361
SPY,mean_reversion,short,1458.14,2026-08-19 12:30:00+00:00,769.125245,2026-08-19 12:45:00+00:00,770.533261,-2053.09,hard stop hit: bar breached 770.1482
SPY,mean_reversion,short,874.251,2026-08-19 14:45:00+00:00,771.803905,2026-08-19 16:45:00+00:00,770.114865,1476.64,price 769.73 reverted to/below mean 769.98; exit short
SPY,mean_reversion,short,1141.821,2026-08-31 19:30:00+00:00,766.646485,2026-08-31 19:45:00+00:00,768.223856,-1801.08,hard stop hit: bar breached 767.8399
SPY,mean_reversion,short,1069.919,2026-09-02 14:00:00+00:00,763.882867,2026-09-02 14:15:00+00:00,765.495089,-1724.95,hard stop hit: bar breached 765.1125
SPY,mean_reversion,long,1116.883,2026-09-04 12:30:00+00:00,772.145880,2026-09-04 14:00:00+00:00,770.578068,-1751.06,hard stop hit: bar breached 770.9635
SPY,mean_reversion,long,1012.027,2026-09-04 14:15:00+00:00,771.595605,2026-09-04 14:30:00+00:00,769.963158,-1652.08,hard stop hit: bar breached 770.3483
SPY,mean_reversion,long,963.806,2026-09-04 14:45:00+00:00,769.804710,2026-09-04 18:45:00+00:00,769.874870,67.62,price 770.26 reverted to/above mean 770.20; exit long
SPY,mean_reversion,long,1288.865,2026-09-08 12:30:00+00:00,769.114365,2026-09-08 13:30:00+00:00,767.681672,-1846.55,hard stop hit: bar breached 768.0657
SPY,mean_reversion,short,760.923,2026-09-11 12:00:00+00:00,761.858880,2026-09-11 13:15:00+00:00,763.722598,-1418.15,hard stop hit: bar breached 763.3409
SPY,mean_reversion,long,1082.754,2026-09-11 19:45:00+00:00,764.522070,2026-09-14 12:30:00+00:00,762.997713,-1650.50,hard stop hit: bar breached 763.3794
SPY,mean_reversion,short,1028.753,2026-09-16 12:15:00+00:00,759.679970,2026-09-16 15:00:00+00:00,761.224901,-1589.35,hard stop hit: bar breached 760.8445
SPY,mean_reversion,long,920.591,2026-09-18 12:00:00+00:00,761.100360,2026-09-18 13:45:00+00:00,759.480686,-1491.06,hard stop hit: bar breached 759.8606
SPY,mean_reversion,long,1282.367,2026-09-23 13:30:00+00:00,772.295955,2026-09-23 13:45:00+00:00,770.919037,-1765.71,hard stop hit: bar breached 771.3047
SPY,mean_reversion,long,1021.349,2026-09-23 14:00:00+00:00,770.014815,2026-09-23 14:15:00+00:00,768.502839,-1544.25,hard stop hit: bar breached 768.8873
SPY,mean_reversion,short,693.177,2026-09-30 12:30:00+00:00,766.286665,2026-09-30 13:45:00+00:00,768.125936,-1274.94,hard stop hit: bar breached 767.7421
QQQ,mean_reversion,long,886.123,2026-04-20 14:30:00+00:00,645.922800,2026-04-20 14:45:00+00:00,644.149253,-1571.58,hard stop hit: bar breached 644.4715
QQQ,mean_reversion,long,758.993,2026-04-20 15:00:00+00:00,644.091885,2026-04-20 17:30:00+00:00,645.557060,1112.06,price 645.88 reverted to/above mean 645.80; exit long
QQQ,mean_reversion,short,938.893,2026-04-29 14:15:00+00:00,659.744963,2026-04-29 14:30:00+00:00,661.465756,-1615.64,hard stop hit: bar breached 661.1352
QQQ,mean_reversion,long,677.497,2026-05-04 16:00:00+00:00,670.224945,2026-05-04 19:15:00+00:00,672.488588,1533.61,price 672.83 reverted to/above mean 672.67; exit long
QQQ,mean_reversion,long,717.362,2026-05-12 12:15:00+00:00,706.813230,2026-05-12 14:15:00+00:00,704.721017,-1500.87,hard stop hit: bar breached 705.0736
QQQ,mean_reversion,short,570.461,2026-05-12 19:45:00+00:00,706.866390,2026-05-13 12:15:00+00:00,709.291633,-1383.51,hard stop hit: bar breached 708.9372
QQQ,mean_reversion,long,787.159,2026-05-22 19:15:00+00:00,717.768705,2026-05-26 12:15:00+00:00,725.117260,5784.48,price 725.48 reverted to/above mean 719.88; exit long
QQQ,mean_reversion,long,747.212,2026-06-16 14:15:00+00:00,739.629630,2026-06-16 14:30:00+00:00,737.521184,-1575.46,hard stop hit: bar breached 737.8901
QQQ,mean_reversion,long,639.564,2026-06-16 14:45:00+00:00,737.438535,2026-06-16 15:15:00+00:00,735.126446,-1478.73,hard stop hit: bar breached 735.4942
QQQ,mean_reversion,long,555.355,2026-06-16 15:30:00+00:00,734.452042,2026-06-16 17:30:00+00:00,731.930729,-1400.22,hard stop hit: bar breached 732.2969
QQQ,mean_reversion,short,387.301,2026-06-24 14:45:00+00:00,719.170235,2026-06-24 15:30:00+00:00,716.137890,1174.43,price 715.78 reverted to/below mean 715.82; exit short
QQQ,mean_reversion,short,316.68,2026-06-24 20:15:00+00:00,722.018810,2026-06-24 20:45:00+00:00,725.871415,-1220.04,hard stop hit: bar breached 725.5087
QQQ,mean_reversion,long,713.024,2026-07-01 12:30:00+00:00,730.695165,2026-07-01 13:30:00+00:00,728.593078,-1498.84,hard stop hit: bar breached 728.9576
QQQ,mean_reversion,short,319.302,2026-07-06 12:00:00+00:00,721.599020,2026-07-06 14:30:00+00:00,725.340306,-1194.60,hard stop hit: bar breached 724.9778
QQQ,mean_reversion,long,830.784,2026-07-10 12:00:00+00:00,720.630135,2026-07-10 13:45:00+00:00,722.558540,1602.09,price 722.92 reverted to/above mean 722.78; exit long
QQQ,mean_reversion,long,666.334,2026-07-13 12:45:00+00:00,718.098870,2026-07-13 13:30:00+00:00,715.929625,-1445.44,hard stop hit: bar breached 716.2878
QQQ,mean_reversion,short,564.102,2026-07-14 12:15:00+00:00,716.341650,2026-07-14 12:30:00+00:00,718.748989,-1357.98,hard stop hit: bar breached 718.3898
QQQ,mean_reversion,short,488.803,2026-07-14 12:45:00+00:00,718.980330,2026-07-14 15:00:00+00:00,721.622954,-1291.72,hard stop hit: bar breached 721.2623
QQQ,mean_reversion,long,665.709,2026-07-22 12:15:00+00:00,702.090870,2026-07-22 13:45:00+00:00,707.650998,3701.43,price 708.00 reverted to/above mean 707.49; exit long
QQQ,mean_reversion,long,829.766,2026-07-22 19:45:00+00:00,705.542595,2026-07-23 12:15:00+00:00,703.676533,-1548.39,hard stop hit: bar breached 704.0285
QQQ,mean_reversion,short,355.2,2026-07-29 18:30:00+00:00,676.706478,2026-07-29 18:45:00+00:00,680.054475,-1189.21,hard stop hit: bar breached 679.7146
QQQ,mean_reversion,long,639.36,2026-08-05 19:45:00+00:00,717.458550,2026-08-06 12:15:00+00:00,715.277660,-1394.37,hard stop hit: bar breached 715.6355
QQQ,mean_reversion,long,602.274,2026-08-06 12:30:00+00:00,713.736690,2026-08-06 13:00:00+00:00,711.492523,-1351.60,hard stop hit: bar breached 711.8484
QQQ,mean_reversion,long,888.02,2026-08-14 14:45:00+00:00,731.055345,2026-08-14 15:15:00+00:00,729.301656,-1557.31,hard stop hit: bar breached 729.6665
QQQ,mean_reversion,long,815.893,2026-08-14 15:30:00+00:00,729.109372,2026-08-14 19:15:00+00:00,729.520058,335.08,price 729.88 reverted to/above mean 729.58; exit long
QQQ,mean_reversion,long,937.321,2026-08-17 17:00:00+00:00,731.215425,2026-08-17 18:00:00+00:00,729.528416,-1581.27,hard stop hit: bar breached 729.8934
QQQ,mean_reversion,short,939.76,2026-08-19 12:30:00+00:00,719.470085,2026-08-19 12:45:00+00:00,721.127711,-1557.77,hard stop hit: bar breached 720.7673
QQQ,mean_reversion,short,612.719,2026-08-21 12:15:00+00:00,715.242200,2026-08-21 13:30:00+00:00,711.990817,1992.18,price 711.63 reverted to/below mean 711.67; exit short
QQQ,mean_reversion,short,914.979,2026-08-31 19:30:00+00:00,715.701970,2026-08-31 19:45:00+00:00,717.385976,-1540.83,hard stop hit: bar breached 717.0275
QQQ,mean_reversion,short,866.126,2026-08-31 20:00:00+00:00,716.591525,2026-09-01 12:00:00+00:00,709.224435,6380.83,price 708.87 reverted to/below mean 715.01; exit short
QQQ,mean_reversion,short,1167.853,2026-09-03 12:30:00+00:00,709.515065,2026-09-03 13:30:00+00:00,711.024757,-1763.10,hard stop hit: bar breached 710.6694
QQQ,mean_reversion,short,733.843,2026-09-11 12:30:00+00:00,713.832905,2026-09-11 12:45:00+00:00,715.795909,-1440.54,hard stop hit: bar breached 715.4382
QQQ,mean_reversion,short,1026.516,2026-09-16 12:00:00+00:00,708.615515,2026-09-16 13:45:00+00:00,710.203207,-1629.79,hard stop hit: bar breached 709.8483
QQQ,mean_reversion,long,972.007,2026-09-23 13:45:00+00:00,743.291460,2026-09-23 14:00:00+00:00,741.638227,-1606.95,hard stop hit: bar breached 742.0092
QQQ,mean_reversion,long,719.595,2026-09-23 14:15:00+00:00,739.629630,2026-09-23 18:15:00+00:00,740.634498,723.10,price 741.00 reverted to/above mean 740.81; exit long
QQQ,mean_reversion,long,669.931,2026-09-30 19:45:00+00:00,739.879755,2026-10-01 12:15:00+00:00,743.428100,2377.15,price 743.80 reverted to/above mean 743.04; exit long
BTC/USD,momentum_breakout,long,1.633079,2026-04-07 22:00:00+00:00,71537.666958,2026-04-08 14:00:00+00:00,71141.449795,-647.05,hard stop hit: bar breached 71177.0383
BTC/USD,momentum_breakout,long,2.88158,2026-04-11 18:00:00+00:00,73628.712458,2026-04-11 21:00:00+00:00,73210.506695,-1205.09,hard stop hit: bar breached 73247.1303
BTC/USD,momentum_breakout,short,2.038055,2026-04-12 01:00:00+00:00,71640.565798,2026-04-12 20:00:00+00:00,71495.693590,295.26,hard stop hit: bar breached 71459.9636
BTC/USD,momentum_breakout,long,2.244133,2026-04-13 14:00:00+00:00,72485.839808,2026-04-13 15:00:00+00:00,71974.940781,-1146.53,hard stop hit: bar breached 72010.9463
BTC/USD,momentum_breakout,long,1.803395,2026-04-13 19:00:00+00:00,73406.259787,2026-04-14 14:00:00+00:00,74649.796171,2242.59,hard stop hit: bar breached 74687.1397
BTC/USD,momentum_breakout,long,1.642978,2026-04-17 13:00:00+00:00,77425.678492,2026-04-18 08:00:00+00:00,76780.887609,-1059.38,hard stop hit: bar breached 76819.2973
BTC/USD,momentum_breakout,long,1.872675,2026-04-22 13:00:00+00:00,78950.275410,2026-04-22 23:00:00+00:00,78345.749880,-1132.08,hard stop hit: bar breached 78384.9424
BTC/USD,momentum_breakout,long,2.219527,2026-04-27 00:00:00+00:00,79307.057712,2026-04-27 01:00:00+00:00,78789.413045,-1148.93,hard stop hit: bar breached 78828.8275
BTC/USD,momentum_breakout,short,1.85205,2026-04-29 18:00:00+00:00,75429.986140,2026-04-29 21:00:00+00:00,76025.131426,-1102.24,hard stop hit: bar breached 75987.1379
BTC/USD,momentum_breakout,long,2.118009,2026-05-04 02:00:00+00:00,80202.951435,2026-05-04 06:00:00+00:00,79674.022937,-1120.28,hard stop hit: bar breached 79713.8799
BTC/USD,momentum_breakout,long,2.047633,2026-05-06 08:00:00+00:00,81988.763895,2026-05-06 13:00:00+00:00,81656.461283,-680.43,hard stop hit: bar breached 81697.3099
BTC/USD,momentum_breakout,short,2.117551,2026-05-07 13:00:00+00:00,80441.409175,2026-05-08 10:00:00+00:00,80246.446811,412.84,hard stop hit: bar breached 80206.3436
BTC/USD,momentum_breakout,long,2.2619,2026-05-10 22:00:00+00:00,82062.969980,2026-05-11 00:00:00+00:00,81566.863336,-1122.14,hard stop hit: bar breached 81607.6672
BTC/USD,momentum_breakout,short,2.294675,2026-05-12 15:00:00+00:00,80254.952450,2026-05-12 18:00:00+00:00,80738.933536,-1110.58,hard stop hit: bar breached 80698.5842
BTC/USD,momentum_breakout,short,2.232769,2026-05-13 13:00:00+00:00,79583.168510,2026-05-13 18:00:00+00:00,79665.201605,-183.16,hard stop hit: bar breached 79625.3889
BTC/USD,momentum_breakout,short,2.652442,2026-05-17 23:00:00+00:00,77365.612843,2026-05-18 12:00:00+00:00,77377.495102,-31.52,hard stop hit: bar breached 77338.8257
BTC/USD,momentum_breakout,short,1.918532,2026-05-22 19:00:00+00:00,75743.882114,2026-05-23 14:00:00+00:00,75298.088903,855.27,hard stop hit: bar breached 75260.4587
BTC/USD,momentum_breakout,short,1.787098,2026-05-26 17:00:00+00:00,75778.989551,2026-05-28 21:00:00+00:00,73721.996633,3676.05,hard stop hit: bar breached 73685.1541
BTC/USD,momentum_breakout,short,2.676506,2026-06-01 06:00:00+00:00,73006.026726,2026-06-03 05:00:00+00:00,67078.332675,15865.51,hard stop hit: bar breached 67044.8103
BTC/USD,momentum_breakout,short,1.600261,2026-06-03 23:00:00+00:00,64016.160908,2026-06-04 02:00:00+00:00,63564.876398,722.17,hard stop hit: bar breached 63533.1098
BTC/USD,momentum_breakout,short,2.07776,2026-06-09 15:00:00+00:00,61044.667398,2026-06-09 17:00:00+00:00,61646.885270,-1251.26,hard stop hit: bar breached 61616.0772
BTC/USD,momentum_breakout,long,2.392458,2026-06-11 10:00:00+00:00,63111.621541,2026-06-11 12:00:00+00:00,62584.276495,-1261.65,hard stop hit: bar breached 62615.5843
BTC/USD,momentum_breakout,short,4.149065,2026-06-14 17:00:00+00:00,63675.311418,2026-06-14 20:00:00+00:00,64003.951282,-1363.55,hard stop hit: bar breached 63971.9653
BTC/USD,momentum_breakout,long,2.838531,2026-06-15 11:00:00+00:00,66259.128007,2026-06-15 19:00:00+00:00,66438.453820,509.02,hard stop hit: bar breached 66471.6897
BTC/USD,momentum_breakout,short,2.721987,2026-06-17 08:00:00+00:00,64842.542010,2026-06-17 13:00:00+00:00,65308.107142,-1267.26,hard stop hit: bar breached 65275.4694
BTC/USD,momentum_breakout,short,1.76254,2026-06-17 19:00:00+00:00,64208.689595,2026-06-19 13:00:00+00:00,63082.399355,1985.13,hard stop hit: bar breached 63050.8739
BTC/USD,momentum_breakout,long,2.776794,2026-06-22 01:00:00+00:00,64552.036888,2026-06-22 03:00:00+00:00,64092.544303,-1275.92,hard stop hit: bar breached 64124.6066
BTC/USD,momentum_breakout,long,2.665243,2026-06-22 12:00:00+00:00,65113.515487,2026-06-22 15:00:00+00:00,64706.094654,-1085.88,hard stop hit: bar breached 64738.4639
BTC/USD,momentum_breakout,short,2.412324,2026-06-24 13:00:00+00:00,61201.225080,2026-06-24 20:00:00+00:00,60366.293796,2014.12,hard stop hit: bar breached 60336.1257
BTC/USD,momentum_breakout,short,1.636394,2026-06-25 13:00:00+00:00,58171.549675,2026-06-25 14:00:00+00:00,58898.523904,-1189.62,hard stop hit: bar breached 58869.0894
BTC/USD,momentum_breakout,short,2.723732,2026-06-30 12:00:00+00:00,58284.693075,2026-06-30 14:00:00+00:00,58740.430375,-1241.31,hard stop hit: bar breached 58711.0748
BTC/USD,momentum_breakout,long,2.139088,2026-07-02 13:00:00+00:00,61905.045054,2026-07-02 14:00:00+00:00,61343.431635,-1201.34,hard stop hit: bar breached 61374.1187
BTC/USD,momentum_breakout,long,3.638953,2026-07-04 17:00:00+00:00,63264.512448,2026-07-04 23:00:00+00:00,62910.817196,-1287.08,hard stop hit: bar breached 62942.2883
BTC/USD,momentum_breakout,long,2.532519,2026-07-10 01:00:00+00:00,63744.046095,2026-07-10 14:00:00+00:00,63740.669617,-8.55,hard stop hit: bar breached 63772.5559
BTC/USD,momentum_breakout,short,3.109852,2026-07-13 13:00:00+00:00,62223.302785,2026-07-13 14:00:00+00:00,62621.609712,-1238.68,hard stop hit: bar breached 62590.3146
BTC/USD,momentum_breakout,short,2.740147,2026-07-13 17:00:00+00:00,61805.586747,2026-07-13 19:00:00+00:00,62244.293761,-1202.12,hard stop hit: bar breached 62213.1872
BTC/USD,momentum_breakout,long,2.752999,2026-07-14 12:00:00+00:00,63934.951500,2026-07-15 23:00:00+00:00,64633.772352,1923.85,hard stop hit: bar breached 64666.1054
BTC/USD,momentum_breakout,long,2.807285,2026-07-21 06:00:00+00:00,65913.923992,2026-07-21 17:00:00+00:00,66124.064334,589.92,hard stop hit: bar breached 66157.1429
BTC/USD,momentum_breakout,long,5.913012,2026-07-26 14:00:00+00:00,64689.041356,2026-07-27 01:00:00+00:00,64953.145702,1561.65,hard stop hit: bar breached 64985.6385
BTC/USD,momentum_breakout,short,2.697297,2026-07-27 23:00:00+00:00,63670.099025,2026-07-28 15:00:00+00:00,63683.274595,-35.54,hard stop hit: bar breached 63651.4489
BTC/USD,momentum_breakout,long,3.115194,2026-07-29 09:00:00+00:00,64657.712700,2026-07-29 12:00:00+00:00,64252.815768,-1261.33,hard stop hit: bar breached 64284.9582
BTC/USD,momentum_breakout,short,3.121603,2026-07-31 13:00:00+00:00,63151.463473,2026-08-02 00:00:00+00:00,62891.466569,811.61,hard stop hit: bar breached 62860.0366
BTC/USD,momentum_breakout,long,3.992848,2026-08-07 12:00:00+00:00,65276.152766,2026-08-07 13:00:00+00:00,64946.557343,-1316.02,hard stop hit: bar breached 64979.0469
BTC/USD,momentum_breakout,long,7.21835,2026-08-09 13:00:00+00:00,65209.001206,2026-08-09 20:00:00+00:00,64999.420131,-1512.83,hard stop hit: bar breached 65031.9361
BTC/USD,momentum_breakout,short,3.66272,2026-08-10 15:00:00+00:00,64194.931478,2026-08-11 10:00:00+00:00,64313.745961,-435.18,hard stop hit: bar breached 64281.6052
BTC/USD,momentum_breakout,short,3.959803,2026-08-11 15:00:00+00:00,63520.624300,2026-08-12 01:00:00+00:00,63821.339441,-1190.77,hard stop hit: bar breached 63789.4447
BTC/USD,momentum_breakout,long,8.367564,2026-08-16 16:00:00+00:00,63204.808111,2026-08-16 17:00:00+00:00,63020.812243,-1539.60,hard stop hit: bar breached 63052.3384
BTC/USD,momentum_breakout,long,4.950237,2026-08-17 06:00:00+00:00,63644.206200,2026-08-17 08:00:00+00:00,63379.471542,-1310.50,hard stop hit: bar breached 63411.1771
BTC/USD,momentum_breakout,long,3.747117,2026-08-17 18:00:00+00:00,64411.743777,2026-08-18 01:00:00+00:00,64085.161426,-1223.74,hard stop hit: bar breached 64117.2200
BTC/USD,momentum_breakout,long,3.309487,2026-08-19 14:00:00+00:00,65933.175613,2026-08-21 09:00:00+00:00,77538.611903,38408.04,hard stop hit: bar breached 77577.4006
BTC/USD,momentum_breakout,long,2.198556,2026-08-24 12:00:00+00:00,79181.060245,2026-08-24 13:00:00+00:00,78485.986497,-1528.16,hard stop hit: bar breached 78525.2491
BTC/USD,momentum_breakout,long,1.877384,2026-08-25 02:00:00+00:00,80671.320503,2026-08-25 07:00:00+00:00,79877.523114,-1490.26,hard stop hit: bar breached 79917.4819
BTC/USD,momentum_breakout,long,2.83385,2026-08-27 08:00:00+00:00,79794.227175,2026-08-27 11:00:00+00:00,79247.266543,-1550.00,hard stop hit: bar breached 79286.9100
BTC/USD,momentum_breakout,short,2.02272,2026-08-28 16:00:00+00:00,77750.566769,2026-08-29 18:00:00+00:00,78231.660139,-973.12,hard stop hit: bar breached 78192.5639
BTC/USD,momentum_breakout,long,5.294559,2026-08-30 12:00:00+00:00,78825.793200,2026-08-30 17:00:00+00:00,78780.464408,-240.00,hard stop hit: bar breached 78819.8743
BTC/USD,momentum_breakout,short,3.017889,2026-08-30 23:00:00+00:00,77635.196483,2026-08-31 00:00:00+00:00,78142.863729,-1532.08,hard stop hit: bar breached 78103.8118
BTC/USD,momentum_breakout,short,2.585661,2026-09-01 18:00:00+00:00,77086.149644,2026-09-02 03:00:00+00:00,77659.218453,-1481.76,hard stop hit: bar breached 77620.4082
BTC/USD,momentum_breakout,long,2.784866,2026-09-03 13:00:00+00:00,78870.144364,2026-09-04 02:00:00+00:00,80648.194994,4951.63,hard stop hit: bar breached 80688.5393
BTC/USD,momentum_breakout,long,5.070574,2026-09-06 23:00:00+00:00,80383.666247,2026-09-07 00:00:00+00:00,80043.836698,-1723.13,hard stop hit: bar breached 80083.8786
BTC/USD,momentum_breakout,long,3.125259,2026-09-14 16:00:00+00:00,78795.958290,2026-09-14 23:00:00+00:00,78436.547349,-1123.25,hard stop hit: bar breached 78475.7852
BTC/USD,momentum_breakout,short,2.724695,2026-09-15 14:00:00+00:00,75844.102478,2026-09-15 15:00:00+00:00,76392.911338,-1495.34,hard stop hit: bar breached 76354.7340
BTC/USD,momentum_breakout,long,2.308335,2026-09-18 14:00:00+00:00,80947.684115,2026-09-19 20:00:00+00:00,81141.606899,447.64,hard stop hit: bar breached 81182.1980
BTC/USD,momentum_breakout,long,3.566589,2026-09-21 00:00:00+00:00,81644.376787,2026-09-21 01:00:00+00:00,81204.777951,-1567.87,hard stop hit: bar breached 81245.4007
BTC/USD,momentum_breakout,short,2.075842,2026-09-23 14:00:00+00:00,84484.515611,2026-09-24 13:00:00+00:00,84321.430948,338.54,hard stop hit: bar breached 84279.2913
BTC/USD,momentum_breakout,short,3.431075,2026-09-28 02:00:00+00:00,83367.475410,2026-09-28 12:00:00+00:00,83369.330615,-6.37,hard stop hit: bar breached 83327.6668
BTC/USD,momentum_breakout,long,2.57592,2026-09-30 12:00:00+00:00,85301.248810,2026-09-30 13:00:00+00:00,84725.108885,-1484.09,hard stop hit: bar breached 84767.4926
BTC/USD,momentum_breakout,long,2.514413,2026-10-02 04:00:00+00:00,86672.264475,2026-10-02 05:00:00+00:00,86088.645784,-1467.46,hard stop hit: bar breached 86131.7116
GLD,trend_following,long,214.393,2026-08-25 16:00:00+00:00,428.274030,2026-08-26 12:00:00+00:00,423.183991,-1091.27,hard stop hit: bar breached 423.3957
GLD,trend_following,short,208.467,2026-09-23 12:00:00+00:00,392.363720,2026-10-02 16:00:00+00:00,380.385097,2497.15,end_of_backtest_window
USO,trend_following,long,381.917,2026-08-31 12:00:00+00:00,133.016475,2026-09-21 12:00:00+00:00,151.935527,7225.51,hard stop hit: bar breached 152.0115
BTC/USD,momentum_breakout,long,1.633079,2026-04-07 22:00:00+00:00,71537.666958,2026-04-08 14:00:00+00:00,71141.449795,-647.05,hard stop hit: bar breached 71177.0383
SPY,mean_reversion,long,971.783,2026-04-10 16:30:00+00:00,678.999330,2026-04-10 19:00:00+00:00,679.610025,593.46,price 679.95 reverted to/above mean 679.87; exit long
BTC/USD,momentum_breakout,long,2.898793,2026-04-11 18:00:00+00:00,73628.712458,2026-04-11 21:00:00+00:00,73210.506695,-1212.29,hard stop hit: bar breached 73247.1303
BTC/USD,momentum_breakout,short,2.050229,2026-04-12 01:00:00+00:00,71640.565798,2026-04-12 20:00:00+00:00,71495.693590,297.02,hard stop hit: bar breached 71459.9636
BTC/USD,momentum_breakout,long,2.257538,2026-04-13 14:00:00+00:00,72485.839808,2026-04-13 15:00:00+00:00,71974.940781,-1153.37,hard stop hit: bar breached 72010.9463
BTC/USD,momentum_breakout,long,1.814167,2026-04-13 19:00:00+00:00,73406.259787,2026-04-14 14:00:00+00:00,74649.796171,2255.98,hard stop hit: bar breached 74687.1397
BTC/USD,momentum_breakout,long,1.652792,2026-04-17 13:00:00+00:00,77425.678492,2026-04-18 08:00:00+00:00,76780.887609,-1065.71,hard stop hit: bar breached 76819.2973
SPY,mean_reversion,long,1023.918,2026-04-20 12:00:00+00:00,707.213430,2026-04-20 13:45:00+00:00,709.345150,2182.71,price 709.70 reverted to/above mean 709.25; exit long
QQQ,mean_reversion,long,897.206,2026-04-20 14:30:00+00:00,645.922800,2026-04-20 14:45:00+00:00,644.149253,-1591.24,hard stop hit: bar breached 644.4715
QQQ,mean_reversion,long,768.486,2026-04-20 15:00:00+00:00,644.091885,2026-04-20 17:30:00+00:00,645.557060,1125.97,price 645.88 reverted to/above mean 645.80; exit long
BTC/USD,momentum_breakout,long,1.916519,2026-04-22 13:00:00+00:00,78950.275410,2026-04-22 23:00:00+00:00,78345.749880,-1158.58,hard stop hit: bar breached 78384.9424
BTC/USD,momentum_breakout,long,2.271492,2026-04-27 00:00:00+00:00,79307.057712,2026-04-27 01:00:00+00:00,78789.413045,-1175.83,hard stop hit: bar breached 78828.8275
SPY,mean_reversion,long,1182.966,2026-04-27 15:00:00+00:00,713.266455,2026-04-27 16:00:00+00:00,713.573035,362.67,price 713.93 reverted to/above mean 713.68; exit long
QQQ,mean_reversion,short,932.039,2026-04-29 14:15:00+00:00,659.744963,2026-04-29 14:30:00+00:00,661.465756,-1603.85,hard stop hit: bar breached 661.1352
BTC/USD,momentum_breakout,short,1.871516,2026-04-29 18:00:00+00:00,75429.986140,2026-04-29 21:00:00+00:00,76025.131426,-1113.82,hard stop hit: bar breached 75987.1379
BTC/USD,momentum_breakout,long,2.113686,2026-05-04 02:00:00+00:00,80202.951435,2026-05-04 06:00:00+00:00,79674.022937,-1117.99,hard stop hit: bar breached 79713.8799
SPY,mean_reversion,long,1056.083,2026-05-01 19:45:00+00:00,720.850245,2026-05-04 13:30:00+00:00,719.220281,-1721.38,hard stop hit: bar breached 719.5801
SPY,mean_reversion,long,909.609,2026-05-04 15:15:00+00:00,718.809225,2026-05-04 15:30:00+00:00,717.066049,-1585.61,hard stop hit: bar breached 717.4248
SPY,mean_reversion,long,866.801,2026-05-04 15:45:00+00:00,717.938790,2026-05-04 16:00:00+00:00,716.164160,-1538.25,hard stop hit: bar breached 716.5224
QQQ,mean_reversion,long,623.587,2026-05-04 16:00:00+00:00,670.224945,2026-05-04 19:15:00+00:00,672.488588,1411.58,price 672.83 reverted to/above mean 672.67; exit long
BTC/USD,momentum_breakout,long,1.994646,2026-05-06 08:00:00+00:00,81988.763895,2026-05-06 13:00:00+00:00,81656.461283,-662.83,hard stop hit: bar breached 81697.3099
SPY,mean_reversion,long,1066.044,2026-05-07 16:00:00+00:00,733.066350,2026-05-07 16:15:00+00:00,731.470514,-1701.23,hard stop hit: bar breached 731.8364
SPY,mean_reversion,long,945.23,2026-05-07 16:45:00+00:00,732.386010,2026-05-07 17:15:00+00:00,730.696377,-1597.09,hard stop hit: bar breached 731.0619
BTC/USD,momentum_breakout,short,2.062754,2026-05-07 13:00:00+00:00,80441.409175,2026-05-08 10:00:00+00:00,80246.446811,402.16,hard stop hit: bar breached 80206.3436
BTC/USD,momentum_breakout,long,2.123754,2026-05-10 22:00:00+00:00,82062.969980,2026-05-11 00:00:00+00:00,81566.863336,-1053.61,hard stop hit: bar breached 81607.6672
QQQ,mean_reversion,long,627.011,2026-05-12 12:15:00+00:00,706.813230,2026-05-12 14:15:00+00:00,704.721017,-1311.84,hard stop hit: bar breached 705.0736
BTC/USD,momentum_breakout,short,2.122015,2026-05-12 15:00:00+00:00,80254.952450,2026-05-12 18:00:00+00:00,80738.933536,-1027.02,hard stop hit: bar breached 80698.5842
QQQ,mean_reversion,short,492.631,2026-05-12 19:45:00+00:00,706.866390,2026-05-13 12:15:00+00:00,709.291633,-1194.75,hard stop hit: bar breached 708.9372
BTC/USD,momentum_breakout,short,2.035605,2026-05-13 13:00:00+00:00,79583.168510,2026-05-13 18:00:00+00:00,79665.201605,-166.99,hard stop hit: bar breached 79625.3889
BTC/USD,momentum_breakout,short,2.41822,2026-05-17 23:00:00+00:00,77365.612843,2026-05-18 12:00:00+00:00,77377.495102,-28.73,hard stop hit: bar breached 77338.8257
SPY,mean_reversion,long,811.137,2026-05-21 13:30:00+00:00,738.018825,2026-05-21 16:00:00+00:00,739.010310,804.23,price 739.38 reverted to/above mean 739.32; exit long
BTC/USD,momentum_breakout,short,1.766024,2026-05-22 19:00:00+00:00,75743.882114,2026-05-23 14:00:00+00:00,75298.088903,787.28,hard stop hit: bar breached 75260.4587
SPY,mean_reversion,long,910.402,2026-05-22 19:15:00+00:00,745.952790,2026-05-26 12:15:00+00:00,750.644490,4271.33,price 751.02 reverted to/above mean 747.27; exit long
QQQ,mean_reversion,long,681.413,2026-05-22 19:15:00+00:00,717.768705,2026-05-26 12:15:00+00:00,725.117260,5007.40,price 725.48 reverted to/above mean 719.88; exit long
BTC/USD,momentum_breakout,short,1.825049,2026-05-26 17:00:00+00:00,75778.989551,2026-05-28 21:00:00+00:00,73721.996633,3754.11,hard stop hit: bar breached 73685.1541
BTC/USD,momentum_breakout,short,2.733344,2026-06-01 06:00:00+00:00,73006.026726,2026-06-03 05:00:00+00:00,67078.332675,16202.43,hard stop hit: bar breached 67044.8103
SPY,mean_reversion,long,1837.636,2026-06-03 12:30:00+00:00,758.308965,2026-06-03 13:30:00+00:00,756.930824,-2532.52,hard stop hit: bar breached 757.3095
BTC/USD,momentum_breakout,short,1.597949,2026-06-03 23:00:00+00:00,64016.160908,2026-06-04 02:00:00+00:00,63564.876398,721.13,hard stop hit: bar breached 63533.1098
SPY,mean_reversion,short,770.04,2026-06-09 13:30:00+00:00,744.977325,2026-06-09 13:45:00+00:00,747.180702,-1696.69,hard stop hit: bar breached 746.8073
BTC/USD,momentum_breakout,short,2.043388,2026-06-09 15:00:00+00:00,61044.667398,2026-06-09 17:00:00+00:00,61646.885270,-1230.56,hard stop hit: bar breached 61616.0772
BTC/USD,momentum_breakout,long,2.35288,2026-06-11 10:00:00+00:00,63111.621541,2026-06-11 12:00:00+00:00,62584.276495,-1240.78,hard stop hit: bar breached 62615.5843
SPY,mean_reversion,short,387.443,2026-06-11 17:15:00+00:00,732.098768,2026-06-11 17:30:00+00:00,735.621416,-1364.83,hard stop hit: bar breached 735.2538
BTC/USD,momentum_breakout,short,4.028886,2026-06-14 17:00:00+00:00,63675.311418,2026-06-14 20:00:00+00:00,64003.951282,-1324.05,hard stop hit: bar breached 63971.9653
BTC/USD,momentum_breakout,long,2.756312,2026-06-15 11:00:00+00:00,66259.128007,2026-06-15 19:00:00+00:00,66438.453820,494.28,hard stop hit: bar breached 66471.6897
QQQ,mean_reversion,long,769.898,2026-06-16 14:15:00+00:00,739.629630,2026-06-16 14:30:00+00:00,737.521184,-1623.29,hard stop hit: bar breached 737.8901
QQQ,mean_reversion,long,656.949,2026-06-16 14:45:00+00:00,737.438535,2026-06-16 15:15:00+00:00,735.126446,-1518.92,hard stop hit: bar breached 735.4942
SPY,mean_reversion,long,1033.14,2026-06-16 14:15:00+00:00,753.556590,2026-06-16 15:45:00+00:00,751.779325,-1836.16,hard stop hit: bar breached 752.1554
QQQ,mean_reversion,long,568.198,2026-06-16 15:30:00+00:00,734.452042,2026-06-16 17:30:00+00:00,731.930729,-1432.61,hard stop hit: bar breached 732.2969
SPY,mean_reversion,long,1122.887,2026-06-16 19:00:00+00:00,751.360492,2026-06-16 19:45:00+00:00,749.724338,-1837.22,hard stop hit: bar breached 750.0994
BTC/USD,momentum_breakout,short,2.437191,2026-06-17 08:00:00+00:00,64842.542010,2026-06-17 13:00:00+00:00,65308.107142,-1134.67,hard stop hit: bar breached 65275.4694
SPY,mean_reversion,long,1098.144,2026-06-17 13:45:00+00:00,750.264945,2026-06-17 14:15:00+00:00,751.314155,1152.18,price 751.69 reverted to/above mean 751.41; exit long
BTC/USD,momentum_breakout,short,1.596977,2026-06-17 19:00:00+00:00,64208.689595,2026-06-19 13:00:00+00:00,63082.399355,1798.66,hard stop hit: bar breached 63050.8739
BTC/USD,momentum_breakout,long,2.515958,2026-06-22 01:00:00+00:00,64552.036888,2026-06-22 03:00:00+00:00,64092.544303,-1156.06,hard stop hit: bar breached 64124.6066
BTC/USD,momentum_breakout,long,2.414885,2026-06-22 12:00:00+00:00,65113.515487,2026-06-22 15:00:00+00:00,64706.094654,-983.87,hard stop hit: bar breached 64738.4639
QQQ,mean_reversion,short,385.669,2026-06-24 14:45:00+00:00,719.170235,2026-06-24 15:30:00+00:00,716.137890,1169.48,price 715.78 reverted to/below mean 715.82; exit short
SPY,mean_reversion,short,554.223,2026-06-24 14:45:00+00:00,739.230200,2026-06-24 16:30:00+00:00,736.688160,1408.86,price 736.32 reverted to/below mean 736.68; exit short
BTC/USD,momentum_breakout,short,2.185724,2026-06-24 13:00:00+00:00,61201.225080,2026-06-24 20:00:00+00:00,60366.293796,1824.93,hard stop hit: bar breached 60336.1257
QQQ,mean_reversion,short,325.016,2026-06-24 20:15:00+00:00,722.018810,2026-06-24 20:45:00+00:00,725.871415,-1252.16,hard stop hit: bar breached 725.5087
BTC/USD,momentum_breakout,short,1.50252,2026-06-25 13:00:00+00:00,58171.549675,2026-06-25 14:00:00+00:00,58898.523904,-1092.29,hard stop hit: bar breached 58869.0894
BTC/USD,momentum_breakout,short,2.500903,2026-06-30 12:00:00+00:00,58284.693075,2026-06-30 14:00:00+00:00,58740.430375,-1139.75,hard stop hit: bar breached 58711.0748
SPY,mean_reversion,long,1116.716,2026-07-01 12:30:00+00:00,744.632130,2026-07-01 13:30:00+00:00,743.008925,-1812.66,hard stop hit: bar breached 743.3806
QQQ,mean_reversion,long,712.501,2026-07-01 12:30:00+00:00,730.695165,2026-07-01 13:30:00+00:00,728.593078,-1497.74,hard stop hit: bar breached 728.9576
SPY,mean_reversion,long,1058.649,2026-07-01 19:45:00+00:00,746.037832,2026-07-02 12:30:00+00:00,748.995315,3130.94,price 749.37 reverted to/above mean 747.67; exit long
BTC/USD,momentum_breakout,long,1.960499,2026-07-02 13:00:00+00:00,61905.045054,2026-07-02 14:00:00+00:00,61343.431635,-1101.04,hard stop hit: bar breached 61374.1187
BTC/USD,momentum_breakout,long,3.335144,2026-07-04 17:00:00+00:00,63264.512448,2026-07-04 23:00:00+00:00,62910.817196,-1179.62,hard stop hit: bar breached 62942.2883
QQQ,mean_reversion,short,317.256,2026-07-06 12:00:00+00:00,721.599020,2026-07-06 14:30:00+00:00,725.340306,-1186.95,hard stop hit: bar breached 724.9778
SPY,mean_reversion,long,944.875,2026-07-07 13:45:00+00:00,749.149387,2026-07-07 14:00:00+00:00,747.400396,-1652.58,hard stop hit: bar breached 747.7743
QQQ,mean_reversion,long,823.575,2026-07-10 12:00:00+00:00,720.630135,2026-07-10 13:45:00+00:00,722.558540,1588.19,price 722.92 reverted to/above mean 722.78; exit long
BTC/USD,momentum_breakout,long,2.252245,2026-07-10 01:00:00+00:00,63744.046095,2026-07-10 14:00:00+00:00,63740.669617,-7.60,hard stop hit: bar breached 63772.5559
QQQ,mean_reversion,long,648.782,2026-07-13 12:45:00+00:00,718.098870,2026-07-13 13:30:00+00:00,715.929625,-1407.37,hard stop hit: bar breached 716.2878
BTC/USD,momentum_breakout,short,2.807417,2026-07-13 13:00:00+00:00,62223.302785,2026-07-13 14:00:00+00:00,62621.609712,-1118.21,hard stop hit: bar breached 62590.3146
SPY,mean_reversion,long,1078.094,2026-07-13 12:00:00+00:00,752.055840,2026-07-13 14:15:00+00:00,750.428206,-1754.74,hard stop hit: bar breached 750.8036
BTC/USD,momentum_breakout,short,2.39467,2026-07-13 17:00:00+00:00,61805.586747,2026-07-13 19:00:00+00:00,62244.293761,-1050.56,hard stop hit: bar breached 62213.1872
QQQ,mean_reversion,short,527.138,2026-07-14 12:15:00+00:00,716.341650,2026-07-14 12:30:00+00:00,718.748989,-1269.00,hard stop hit: bar breached 718.3898
QQQ,mean_reversion,short,456.773,2026-07-14 12:45:00+00:00,718.980330,2026-07-14 15:00:00+00:00,721.622954,-1207.08,hard stop hit: bar breached 721.2623
BTC/USD,momentum_breakout,long,2.405902,2026-07-14 12:00:00+00:00,63934.951500,2026-07-15 23:00:00+00:00,64633.772352,1681.29,hard stop hit: bar breached 64666.1054
BTC/USD,momentum_breakout,long,2.386466,2026-07-21 06:00:00+00:00,65913.923992,2026-07-21 17:00:00+00:00,66124.064334,501.49,hard stop hit: bar breached 66157.1429
QQQ,mean_reversion,long,638.319,2026-07-22 12:15:00+00:00,702.090870,2026-07-22 13:45:00+00:00,707.650998,3549.14,price 708.00 reverted to/above mean 707.49; exit long
QQQ,mean_reversion,long,795.626,2026-07-22 19:45:00+00:00,705.542595,2026-07-23 12:15:00+00:00,703.676533,-1484.69,hard stop hit: bar breached 704.0285
SPY,mean_reversion,short,677.554,2026-07-24 12:30:00+00:00,740.289670,2026-07-24 13:45:00+00:00,737.993812,1555.57,price 737.62 reverted to/below mean 738.04; exit short
SPY,mean_reversion,short,529.618,2026-07-24 15:00:00+00:00,741.638995,2026-07-24 18:00:00+00:00,740.960295,359.45,price 740.59 reverted to/below mean 740.96; exit short
BTC/USD,momentum_breakout,long,5.25175,2026-07-26 14:00:00+00:00,64689.041356,2026-07-27 01:00:00+00:00,64953.145702,1387.01,hard stop hit: bar breached 64985.6385
BTC/USD,momentum_breakout,short,2.395654,2026-07-27 23:00:00+00:00,63670.099025,2026-07-28 15:00:00+00:00,63683.274595,-31.56,hard stop hit: bar breached 63651.4489
BTC/USD,momentum_breakout,long,2.766817,2026-07-29 09:00:00+00:00,64657.712700,2026-07-29 12:00:00+00:00,64252.815768,-1120.28,hard stop hit: bar breached 64284.9582
QQQ,mean_reversion,short,348.64,2026-07-29 18:30:00+00:00,676.706478,2026-07-29 18:45:00+00:00,680.054475,-1167.25,hard stop hit: bar breached 679.7146
BTC/USD,momentum_breakout,short,2.737739,2026-07-31 13:00:00+00:00,63151.463473,2026-08-02 00:00:00+00:00,62891.466569,711.80,hard stop hit: bar breached 62860.0366
QQQ,mean_reversion,long,630.018,2026-08-05 19:45:00+00:00,717.458550,2026-08-06 12:15:00+00:00,715.277660,-1374.00,hard stop hit: bar breached 715.6355
QQQ,mean_reversion,long,600.671,2026-08-06 12:30:00+00:00,713.736690,2026-08-06 13:00:00+00:00,711.492523,-1348.01,hard stop hit: bar breached 711.8484
SPY,mean_reversion,long,911.135,2026-08-05 19:45:00+00:00,770.174895,2026-08-06 14:00:00+00:00,771.144235,883.20,price 771.53 reverted to/above mean 771.22; exit long
SPY,mean_reversion,long,808.258,2026-08-06 15:30:00+00:00,768.714165,2026-08-06 18:15:00+00:00,769.030292,255.51,price 769.41 reverted to/above mean 769.23; exit long
BTC/USD,momentum_breakout,long,3.441983,2026-08-07 12:00:00+00:00,65276.152766,2026-08-07 13:00:00+00:00,64946.557343,-1134.46,hard stop hit: bar breached 64979.0469
BTC/USD,momentum_breakout,long,6.222485,2026-08-09 13:00:00+00:00,65209.001206,2026-08-09 20:00:00+00:00,64999.420131,-1304.12,hard stop hit: bar breached 65031.9361
BTC/USD,momentum_breakout,short,3.157401,2026-08-10 15:00:00+00:00,64194.931478,2026-08-11 10:00:00+00:00,64313.745961,-375.14,hard stop hit: bar breached 64281.6052
BTC/USD,momentum_breakout,short,3.413497,2026-08-11 15:00:00+00:00,63520.624300,2026-08-12 01:00:00+00:00,63821.339441,-1026.49,hard stop hit: bar breached 63789.4447
QQQ,mean_reversion,long,851.918,2026-08-14 14:45:00+00:00,731.055345,2026-08-14 15:15:00+00:00,729.301656,-1494.00,hard stop hit: bar breached 729.6665
QQQ,mean_reversion,long,782.723,2026-08-14 15:30:00+00:00,729.109372,2026-08-14 19:15:00+00:00,729.520058,321.45,price 729.88 reverted to/above mean 729.58; exit long
BTC/USD,momentum_breakout,long,7.116152,2026-08-16 16:00:00+00:00,63204.808111,2026-08-16 17:00:00+00:00,63020.812243,-1309.34,hard stop hit: bar breached 63052.3384
BTC/USD,momentum_breakout,long,4.209904,2026-08-17 06:00:00+00:00,63644.206200,2026-08-17 08:00:00+00:00,63379.471542,-1114.51,hard stop hit: bar breached 63411.1771
SPY,mean_reversion,long,1509.297,2026-08-17 13:45:00+00:00,775.577595,2026-08-17 16:45:00+00:00,774.248792,-2005.56,hard stop hit: bar breached 774.6361
QQQ,mean_reversion,long,852.913,2026-08-17 17:00:00+00:00,731.215425,2026-08-17 18:00:00+00:00,729.528416,-1438.87,hard stop hit: bar breached 729.8934
BTC/USD,momentum_breakout,long,3.055417,2026-08-17 18:00:00+00:00,64411.743777,2026-08-18 01:00:00+00:00,64085.161426,-997.85,hard stop hit: bar breached 64117.2200
SPY,mean_reversion,short,1240.327,2026-08-19 12:30:00+00:00,769.125245,2026-08-19 12:45:00+00:00,770.533261,-1746.40,hard stop hit: bar breached 770.1482
QQQ,mean_reversion,short,839.396,2026-08-19 12:30:00+00:00,719.470085,2026-08-19 12:45:00+00:00,721.127711,-1391.40,hard stop hit: bar breached 720.7673
SPY,mean_reversion,short,729.47,2026-08-19 14:45:00+00:00,771.803905,2026-08-19 16:45:00+00:00,770.114865,1232.10,price 769.73 reverted to/below mean 769.98; exit short
BTC/USD,momentum_breakout,long,2.591598,2026-08-19 14:00:00+00:00,65933.175613,2026-08-21 09:00:00+00:00,77538.611903,30076.63,hard stop hit: bar breached 77577.4006
QQQ,mean_reversion,short,759.995,2026-08-21 12:15:00+00:00,715.242200,2026-08-21 13:30:00+00:00,711.990817,2471.03,price 711.63 reverted to/below mean 711.67; exit short
BTC/USD,momentum_breakout,long,1.781741,2026-08-24 12:00:00+00:00,79181.060245,2026-08-24 13:00:00+00:00,78485.986497,-1238.44,hard stop hit: bar breached 78525.2491
BTC/USD,momentum_breakout,long,1.521459,2026-08-25 02:00:00+00:00,80671.320503,2026-08-25 07:00:00+00:00,79877.523114,-1207.73,hard stop hit: bar breached 79917.4819
GLD,trend_following,long,230.155,2026-08-25 16:00:00+00:00,428.274030,2026-08-26 12:00:00+00:00,423.183991,-1171.50,hard stop hit: bar breached 423.3957
BTC/USD,momentum_breakout,long,2.27153,2026-08-27 08:00:00+00:00,79794.227175,2026-08-27 11:00:00+00:00,79247.266543,-1242.44,hard stop hit: bar breached 79286.9100
BTC/USD,momentum_breakout,short,1.621353,2026-08-28 16:00:00+00:00,77750.566769,2026-08-29 18:00:00+00:00,78231.660139,-780.02,hard stop hit: bar breached 78192.5639
BTC/USD,momentum_breakout,long,4.243962,2026-08-30 12:00:00+00:00,78825.793200,2026-08-30 17:00:00+00:00,78780.464408,-192.37,hard stop hit: bar breached 78819.8743
BTC/USD,momentum_breakout,short,2.419051,2026-08-30 23:00:00+00:00,77635.196483,2026-08-31 00:00:00+00:00,78142.863729,-1228.07,hard stop hit: bar breached 78103.8118
SPY,mean_reversion,short,1271.848,2026-08-31 19:30:00+00:00,766.646485,2026-08-31 19:45:00+00:00,768.223856,-2006.18,hard stop hit: bar breached 767.8399
QQQ,mean_reversion,short,1059.718,2026-08-31 19:30:00+00:00,715.701970,2026-08-31 19:45:00+00:00,717.385976,-1784.57,hard stop hit: bar breached 717.0275
QQQ,mean_reversion,short,988.018,2026-08-31 20:00:00+00:00,716.591525,2026-09-01 12:00:00+00:00,709.224435,7278.82,price 708.87 reverted to/below mean 715.01; exit short
BTC/USD,momentum_breakout,short,2.205992,2026-09-01 18:00:00+00:00,77086.149644,2026-09-02 03:00:00+00:00,77659.218453,-1264.19,hard stop hit: bar breached 77620.4082
SPY,mean_reversion,short,1274.376,2026-09-02 14:00:00+00:00,763.882867,2026-09-02 14:15:00+00:00,765.495089,-2054.58,hard stop hit: bar breached 765.1125
QQQ,mean_reversion,short,1328.535,2026-09-03 12:30:00+00:00,709.515065,2026-09-03 13:30:00+00:00,711.024757,-2005.68,hard stop hit: bar breached 710.6694
BTC/USD,momentum_breakout,long,2.307609,2026-09-03 13:00:00+00:00,78870.144364,2026-09-04 02:00:00+00:00,80648.194994,4103.05,hard stop hit: bar breached 80688.5393
SPY,mean_reversion,long,1360.122,2026-09-04 12:30:00+00:00,772.145880,2026-09-04 14:00:00+00:00,770.578068,-2132.42,hard stop hit: bar breached 770.9635
SPY,mean_reversion,long,1232.43,2026-09-04 14:15:00+00:00,771.595605,2026-09-04 14:30:00+00:00,769.963158,-2011.88,hard stop hit: bar breached 770.3483
SPY,mean_reversion,long,1173.708,2026-09-04 14:45:00+00:00,769.804710,2026-09-04 18:45:00+00:00,769.874870,82.35,price 770.26 reverted to/above mean 770.20; exit long
BTC/USD,momentum_breakout,long,4.023911,2026-09-06 23:00:00+00:00,80383.666247,2026-09-07 00:00:00+00:00,80043.836698,-1367.44,hard stop hit: bar breached 80083.8786
SPY,mean_reversion,long,1563.002,2026-09-08 12:30:00+00:00,769.114365,2026-09-08 13:30:00+00:00,767.681672,-2239.30,hard stop hit: bar breached 768.0657
QQQ,mean_reversion,short,836.392,2026-09-11 12:30:00+00:00,713.832905,2026-09-11 12:45:00+00:00,715.795909,-1641.84,hard stop hit: bar breached 715.4382
SPY,mean_reversion,short,974.376,2026-09-11 12:00:00+00:00,761.858880,2026-09-11 13:15:00+00:00,763.722598,-1815.96,hard stop hit: bar breached 763.3409
SPY,mean_reversion,long,1347.051,2026-09-11 19:45:00+00:00,764.522070,2026-09-14 12:30:00+00:00,762.997713,-2053.39,hard stop hit: bar breached 763.3794
BTC/USD,momentum_breakout,long,2.444817,2026-09-14 16:00:00+00:00,78795.958290,2026-09-14 23:00:00+00:00,78436.547349,-878.69,hard stop hit: bar breached 78475.7852
BTC/USD,momentum_breakout,short,2.154791,2026-09-15 14:00:00+00:00,75844.102478,2026-09-15 15:00:00+00:00,76392.911338,-1182.57,hard stop hit: bar breached 76354.7340
QQQ,mean_reversion,short,1151.021,2026-09-16 12:00:00+00:00,708.615515,2026-09-16 13:45:00+00:00,710.203207,-1827.47,hard stop hit: bar breached 709.8483
SPY,mean_reversion,short,1254.968,2026-09-16 12:15:00+00:00,759.679970,2026-09-16 15:00:00+00:00,761.224901,-1938.84,hard stop hit: bar breached 760.8445
SPY,mean_reversion,long,1102.739,2026-09-18 12:00:00+00:00,761.100360,2026-09-18 13:45:00+00:00,759.480686,-1786.08,hard stop hit: bar breached 759.8606
BTC/USD,momentum_breakout,long,1.688619,2026-09-18 14:00:00+00:00,80947.684115,2026-09-19 20:00:00+00:00,81141.606899,327.46,hard stop hit: bar breached 81182.1980
BTC/USD,momentum_breakout,long,2.588477,2026-09-21 00:00:00+00:00,81644.376787,2026-09-21 01:00:00+00:00,81204.777951,-1137.89,hard stop hit: bar breached 81245.4007
USO,trend_following,long,392.372,2026-08-31 12:00:00+00:00,133.016475,2026-09-21 12:00:00+00:00,151.935527,7423.31,hard stop hit: bar breached 152.0115
SPY,mean_reversion,long,1499.824,2026-09-23 13:30:00+00:00,772.295955,2026-09-23 13:45:00+00:00,770.919037,-2065.13,hard stop hit: bar breached 771.3047
QQQ,mean_reversion,long,974.131,2026-09-23 13:45:00+00:00,743.291460,2026-09-23 14:00:00+00:00,741.638227,-1610.47,hard stop hit: bar breached 742.0092
SPY,mean_reversion,long,1189.672,2026-09-23 14:00:00+00:00,770.014815,2026-09-23 14:15:00+00:00,768.502839,-1798.75,hard stop hit: bar breached 768.8873
QQQ,mean_reversion,long,705.777,2026-09-23 14:15:00+00:00,739.629630,2026-09-23 18:15:00+00:00,740.634498,709.21,price 741.00 reverted to/above mean 740.81; exit long
BTC/USD,momentum_breakout,short,1.425579,2026-09-23 14:00:00+00:00,84484.515611,2026-09-24 13:00:00+00:00,84321.430948,232.49,hard stop hit: bar breached 84279.2913
BTC/USD,momentum_breakout,short,2.336762,2026-09-28 02:00:00+00:00,83367.475410,2026-09-28 12:00:00+00:00,83369.330615,-4.34,hard stop hit: bar breached 83327.6668
BTC/USD,momentum_breakout,long,1.793601,2026-09-30 12:00:00+00:00,85301.248810,2026-09-30 13:00:00+00:00,84725.108885,-1033.37,hard stop hit: bar breached 84767.4926
SPY,mean_reversion,short,824.368,2026-09-30 12:30:00+00:00,766.286665,2026-09-30 13:45:00+00:00,768.125936,-1516.24,hard stop hit: bar breached 767.7421
QQQ,mean_reversion,long,656.851,2026-09-30 19:45:00+00:00,739.879755,2026-10-01 12:15:00+00:00,743.428100,2330.73,price 743.80 reverted to/above mean 743.04; exit long
BTC/USD,momentum_breakout,long,1.767809,2026-10-02 04:00:00+00:00,86672.264475,2026-10-02 05:00:00+00:00,86088.645784,-1031.73,hard stop hit: bar breached 86131.7116
GLD,trend_following,short,191.426,2026-09-23 12:00:00+00:00,392.363720,2026-10-03 05:00:00+00:00,380.385097,2293.02,end_of_backtest_window
